,Date,Time,Ozone,Status,Nitric oxide,Status.1,Nitrogen dioxide,Status.2,Nitrogen oxides as nitrogen dioxide,Status.3,PM10 particulate matter,Status.4,PM2.5 particulate matter,Status.5,Modelled Wind Direction,Status.6,Modelled Wind Speed,Status.7,Modelled Temperature,Status.8,Day,Timestamp(UTC),Timestamp(UTS),Timestamp(Local),95-NO2(ug/m3)-slotA,95-O3(ug/m3)-slotA,95-NO(ug/m3)-slotA,95-PM1(ug/m3)-slotA,95-PM2.5(ug/m3)-slotA,95-PM10(ug/m3)-slotA,95-NO2(ug/m3)-slotB,95-O3(ug/m3)-slotB,95-NO(ug/m3)-slotB,95-PM1(ug/m3)-slotB,95-PM2.5(ug/m3)-slotB,95-PM10(ug/m3)-slotB
24,2023-02-18,01:00:00,56.47831,P ugm-3,0.62365,P ugm-3,5.355,P ugm-3,6.31125,N ugm-3,5.5,P ugm-3 (FIDAS),4.906,P ugm-3 (Ref.eq),253.5,N deg,7.3,N ms-1,10.4,N degC,Friday,2023-02-18T01:00:09+00:00,1676682009,2023-02-18T01:00:09+0000,8.39,9.42,0,5.7,5.89,9.38,9.05,31.75,0,0.71,1.97,3.86
25,2023-02-18,02:00:00,59.27229,P ugm-3,0.62365,P ugm-3,3.4425,P ugm-3,4.39875,N ugm-3,3.5,P ugm-3 (FIDAS),2.83,P ugm-3 (Ref.eq),260.5,N deg,6.9,N ms-1,10,N degC,Friday,2023-02-18T02:00:09+00:00,1676685609,2023-02-18T02:00:09+0000,9.34,14.52,0,0.71,2.48,5.07,4.61,38.8,0,0.71,1.69,3.05
26,2023-02-18,03:00:00,66.25724,P ugm-3,0.49892,P ugm-3,2.86875,P ugm-3,3.63375,N ugm-3,3.3,P ugm-3 (FIDAS),1.981,P ugm-3 (Ref.eq),260.1,N deg,6.6,N ms-1,10.1,N degC,Friday,2023-02-18T02:59:15+00:00,1676689155,2023-02-18T02:59:15+0000,1.04,22.27,1.06,0,1.71,3.03,0,42.65,2.08,2.14,3.23,5.58
27,2023-02-18,04:00:00,73.64133,P ugm-3,0.49892,P ugm-3,2.10375,P ugm-3,2.86875,N ugm-3,8.8,P ugm-3 (FIDAS),3.679,P ugm-3 (Ref.eq),260.2,N deg,7.4,N ms-1,10,N degC,Friday,2023-02-18T04:00:05+00:00,1676692805,2023-02-18T04:00:05+0000,7.39,14.87,0,1.43,3.26,5.57,9.6,35,0.29,0.71,1.7,3.04
28,2023-02-18,05:00:00,73.04262,P ugm-3,0.74838,P ugm-3,3.25125,P ugm-3,4.39875,N ugm-3,6.2,P ugm-3 (FIDAS),3.302,P ugm-3 (Ref.eq),264.5,N deg,7.4,N ms-1,10.2,N degC,Friday,2023-02-18T05:00:09+00:00,1676696409,2023-02-18T05:00:09+0000,11.19,21.37,0,0,1.74,3,10.45,44.2,1.93,0,1.16,2.46
29,2023-02-18,06:00:00,71.44606,P ugm-3,0.62365,P ugm-3,3.4425,P ugm-3,4.39875,N ugm-3,4.3,P ugm-3 (FIDAS),2.264,P ugm-3 (Ref.eq),267.8,N deg,6.8,N ms-1,10.4,N degC,Friday,2023-02-18T06:00:00+00:00,1676700000,2023-02-18T06:00:00+0000,12.79,16.77,0,0,1.71,3.68,14.35,37.2,0,0,1.01,2.63
30,2023-02-18,07:00:00,65.8581,P ugm-3,1.12257,P ugm-3,5.7375,P ugm-3,7.45875,N ugm-3,2.8,P ugm-3 (FIDAS),1.509,P ugm-3 (Ref.eq),270.4,N deg,5.7,N ms-1,10.3,N degC,Friday,2023-02-18T07:00:00+00:00,1676703600,2023-02-18T07:00:00+0000,16.79,15.57,0,0,1.06,2.57,16.5,42.8,0,0.71,1.5,3.23
31,2023-02-18,08:00:00,61.06842,P ugm-3,1.62149,P ugm-3,9.37125,P ugm-3,11.8575,N ugm-3,1.4,P ugm-3 (FIDAS),0.66,P ugm-3 (Ref.eq),250.1,N deg,2.9,N ms-1,9.2,N degC,Friday,2023-02-18T08:00:00+00:00,1676707200,2023-02-18T08:00:00+0000,17.69,8.62,5.29,0,1.07,2.56,18.7,30.9,3.54,0,1.14,2.48
32,2023-02-18,09:00:00,56.87745,P ugm-3,2.74406,P ugm-3,12.24,P ugm-3,16.4475,N ugm-3,1.5,P ugm-3 (FIDAS),0.66,P ugm-3 (Ref.eq),260.5,N deg,5,N ms-1,10.4,N degC,Friday,2023-02-18T09:00:06+00:00,1676710806,2023-02-18T09:00:06+0000,16.09,0,0,0,1.18,2.43,20.86,11.95,1.02,0,1.54,3.2
33,2023-02-18,10:00:00,52.88605,P ugm-3,4.49028,P ugm-3,13.57875,P ugm-3,20.46375,N ugm-3,2,P ugm-3 (FIDAS),0.943,P ugm-3 (Ref.eq),277.9,N deg,6,N ms-1,11.5,N degC,Friday,2023-02-18T10:00:38+00:00,1676714438,2023-02-18T10:00:38+0000,10.04,8.17,1.5,0,1.12,2.51,11.45,29.1,0,0,1.53,2.03
34,2023-02-18,11:00:00,56.47831,P ugm-3,4.36555,P ugm-3,12.43125,P ugm-3,19.125,N ugm-3,3.8,P ugm-3 (FIDAS),1.415,P ugm-3 (Ref.eq),281.7,N deg,5.9,N ms-1,11.8,N degC,Friday,2023-02-18T11:00:07+00:00,1676718007,2023-02-18T11:00:07+0000,0,9.82,0,0,1.47,2.11,0,30,0,0,1.68,1.86
35,2023-02-18,12:00:00,60.27014,P ugm-3,4.24082,P ugm-3,12.81375,P ugm-3,19.31625,N ugm-3,5.2,P ugm-3 (FIDAS),1.698,P ugm-3 (Ref.eq),280.1,N deg,5.7,N ms-1,12.3,N degC,Friday,2023-02-18T12:00:09+00:00,1676721609,2023-02-18T12:00:09+0000,4.24,6.17,0,0,2.25,2.5,11.4,29.4,0,0,1.62,1.93
36,2023-02-18,13:00:00,60.46971,P ugm-3,2.86879,P ugm-3,11.475,P ugm-3,15.87375,N ugm-3,4.1,P ugm-3 (FIDAS),1.604,P ugm-3 (Ref.eq),280.7,N deg,5.7,N ms-1,12.5,N degC,Friday,2023-02-18T13:00:10+00:00,1676725210,2023-02-18T13:00:10+0000,29.69,0,0,0,1.59,1.96,39.46,5.35,0,1.43,3.49,3.79
37,2023-02-18,14:00:00,62.26584,P ugm-3,3.7419,P ugm-3,10.13625,P ugm-3,15.87375,N ugm-3,10.2,P ugm-3 (FIDAS),2.075,P ugm-3 (Ref.eq),277.4,N deg,3.8,N ms-1,11.2,N degC,Friday,2023-02-18T14:00:03+00:00,1676728803,2023-02-18T14:00:03+0000,0,1.87,0,1.43,3.42,3.84,0,30.55,0,0,1.86,2.05
38,2023-02-18,15:00:00,64.86025,P ugm-3,2.86879,P ugm-3,10.71,P ugm-3,15.10875,N ugm-3,9.9,P ugm-3 (FIDAS),2.453,P ugm-3 (Ref.eq),276.6,N deg,5.2,N ms-1,10.2,N degC,Friday,2023-02-18T15:00:04+00:00,1676732404,2023-02-18T15:00:04+0000,6.64,21.02,0,0.71,3.4,3.86,10.65,41.9,0,0.71,2.77,3.21
39,2023-02-18,16:00:00,62.66498,P ugm-3,3.61717,P ugm-3,12.24,P ugm-3,17.78625,N ugm-3,9.3,P ugm-3 (FIDAS),2.736,P ugm-3 (Ref.eq),281.5,N deg,4.8,N ms-1,9.2,N degC,Friday,2023-02-18T16:00:00+00:00,1676736000,2023-02-18T16:00:00+0000,20.54,4.77,0,0.71,2.76,4.66,25.66,21.25,0,0,1.67,1.88
40,2023-02-18,17:00:00,62.66498,P ugm-3,3.61717,P ugm-3,12.81375,P ugm-3,18.36,N ugm-3,8.4,P ugm-3 (FIDAS),3.208,P ugm-3 (Ref.eq),280.9,N deg,5,N ms-1,8.8,N degC,Friday,2023-02-18T17:00:01+00:00,1676739601,2023-02-18T17:00:01+0000,12.29,19.22,0,0,2.24,2.52,14.11,40.6,1.55,0.71,2.07,2.68
41,2023-02-18,18:00:00,60.86885,P ugm-3,3.61717,P ugm-3,14.535,P ugm-3,20.08125,N ugm-3,7.2,P ugm-3 (FIDAS),3.113,P ugm-3 (Ref.eq),285.4,N deg,5.1,N ms-1,8.5,N degC,Friday,2023-02-18T18:00:01+00:00,1676743201,2023-02-18T18:00:01+0000,30.74,0.27,1.02,0.71,2.63,4.03,32.05,16.5,1.48,0.71,2.45,3.47
42,2023-02-18,19:00:00,56.67788,P ugm-3,3.11825,P ugm-3,17.2125,P ugm-3,21.99375,N ugm-3,6.7,P ugm-3 (FIDAS),3.113,P ugm-3 (Ref.eq),291.7,N deg,5.4,N ms-1,8.3,N degC,Friday,2023-02-18T19:00:01+00:00,1676746801,2023-02-18T19:00:01+0000,18.14,9.17,2.74,0.71,3.02,4.1,22.1,27.7,0,0.71,2.4,3.51
43,2023-02-18,20:00:00,54.28304,P ugm-3,3.7419,P ugm-3,15.10875,P ugm-3,20.84625,N ugm-3,7.2,P ugm-3 (FIDAS),3.774,P ugm-3 (Ref.eq),285.3,N deg,5.8,N ms-1,8.1,N degC,Friday,2023-02-18T20:00:09+00:00,1676750409,2023-02-18T20:00:09+0000,12.94,10.72,2.53,0.71,2.47,3.45,13.5,32.55,4.73,0,1.87,2.88
44,2023-02-18,21:00:00,53.48476,P ugm-3,2.86879,P ugm-3,14.72625,P ugm-3,19.125,N ugm-3,6.4,P ugm-3 (FIDAS),3.585,P ugm-3 (Ref.eq),275.5,N deg,5.9,N ms-1,7.5,N degC,Friday,2023-02-18T21:00:02+00:00,1676754002,2023-02-18T21:00:02+0000,12.99,11.92,0,0.71,2.44,4.16,16.25,25.3,0,0,1.87,3.54
45,2023-02-18,22:00:00,56.07917,P ugm-3,2.12041,P ugm-3,11.0925,P ugm-3,14.34375,N ugm-3,5.6,P ugm-3 (FIDAS),3.396,P ugm-3 (Ref.eq),279.4,N deg,6.1,N ms-1,7.7,N degC,Friday,2023-02-18T22:00:05+00:00,1676757605,2023-02-18T22:00:05+0000,22.84,0,0,0,1.93,2.82,22.91,17.45,0,0,1.95,2.8
46,2023-02-18,23:00:00,55.68003,P ugm-3,1.74622,P ugm-3,11.0925,P ugm-3,13.77,N ugm-3,6.4,P ugm-3 (FIDAS),3.396,P ugm-3 (Ref.eq),277.1,N deg,6.2,N ms-1,8.1,N degC,Friday,2023-02-18T23:00:01+00:00,1676761201,2023-02-18T23:00:01+0000,1.34,14.72,0,0.71,2.49,4.81,3.5,37.1,0,0.71,2.44,3.48
47,2023-02-18,24:00:00,60.07057,P ugm-3,1.37203,P ugm-3,7.2675,P ugm-3,9.37125,N ugm-3,8.6,P ugm-3 (FIDAS),3.679,P ugm-3 (Ref.eq),287.5,N deg,5.6,N ms-1,7.3,N degC,Saturday,2023-02-19T00:00:00+00:00,1676764800,2023-02-19T00:00:00+0000,6.74,15.37,7.93,0.71,2.51,4.11,8.6,34,1.27,0,1.4,2.18
48,2023-02-19,01:00:00,61.06842,P ugm-3,1.12257,P ugm-3,5.16375,P ugm-3,6.885,N ugm-3,7.6,P ugm-3 (FIDAS),3.396,P ugm-3 (Ref.eq),292,N deg,5.4,N ms-1,8.3,N degC,Saturday,2023-02-19T01:00:00+00:00,1676768400,2023-02-19T01:00:00+0000,9.94,18.32,8.28,0.71,2.46,4.14,12.65,37.8,0,0,2.38,4.19
49,2023-02-19,02:00:00,65.65853,P ugm-3,0.74838,P ugm-3,2.86875,P ugm-3,4.01625,N ugm-3,5.9,P ugm-3 (FIDAS),2.642,P ugm-3 (Ref.eq),303.4,N deg,6.2,N ms-1,8.1,N degC,Saturday,2023-02-19T02:00:08+00:00,1676772008,2023-02-19T02:00:08+0000,6.14,19.67,0,0.71,1.95,2.8,7.95,39.3,0,1.43,2.71,4.3
50,2023-02-19,03:00:00,66.25724,P ugm-3,0.49892,P ugm-3,2.295,P ugm-3,3.06,N ugm-3,6.7,P ugm-3 (FIDAS),3.491,P ugm-3 (Ref.eq),306.8,N deg,6,N ms-1,7.9,N degC,Saturday,2023-02-19T03:00:04+00:00,1676775604,2023-02-19T03:00:04+0000,11.44,17.12,0.61,0.71,2.82,4.23,14.4,38.5,0,2.14,3.22,4.94
51,2023-02-19,04:00:00,66.05767,P ugm-3,0.62365,P ugm-3,2.295,P ugm-3,3.25125,N ugm-3,3.1,P ugm-3 (FIDAS),2.075,P ugm-3 (Ref.eq),305.7,N deg,4.9,N ms-1,6.7,N degC,Saturday,2023-02-19T04:00:02+00:00,1676779202,2023-02-19T04:00:02+0000,7.69,16.47,11.64,0.71,1.82,4.24,3.95,41.75,0,1.43,2.49,4.12
52,2023-02-19,05:00:00,72.44391,P ugm-3,0.62365,P ugm-3,1.72125,P ugm-3,2.6775,N ugm-3,6.2,P ugm-3 (FIDAS),2.925,P ugm-3 (Ref.eq),309,N deg,4.5,N ms-1,5.9,N degC,Saturday,2023-02-19T05:00:04+00:00,1676782804,2023-02-19T05:00:04+0000,2.14,16.82,25.02,0.71,2.51,4.11,0,43.25,0,0,1.43,2.14
53,2023-02-19,06:00:00,74.43961,P ugm-3,0.62365,P ugm-3,2.6775,P ugm-3,3.63375,N ugm-3,5.1,P ugm-3 (FIDAS),2.264,P ugm-3 (Ref.eq),308.4,N deg,4.2,N ms-1,5.2,N degC,Saturday,2023-02-19T06:00:03+00:00,1676786403,2023-02-19T06:00:03+0000,8.19,19.12,8.69,0,1.49,3.44,6.5,45.35,0,0,1.41,2.17
54,2023-02-19,07:00:00,70.84735,P ugm-3,0.37419,P ugm-3,3.63375,P ugm-3,4.2075,N ugm-3,7.1,P ugm-3 (FIDAS),2.83,P ugm-3 (Ref.eq),309.9,N deg,4,N ms-1,4.7,N degC,Saturday,2023-02-19T07:00:01+00:00,1676790001,2023-02-19T07:00:01+0000,10.09,14.52,4.57,0,1.97,4.14,7.7,40.85,5.33,1.43,2.86,4.21
55,2023-02-19,08:00:00,63.06412,P ugm-3,0.62365,P ugm-3,8.0325,P ugm-3,8.98875,N ugm-3,9.7,P ugm-3 (FIDAS),3.868,P ugm-3 (Ref.eq),299.8,N deg,3.2,N ms-1,4.4,N degC,Saturday,2023-02-19T08:00:04+00:00,1676793604,2023-02-19T08:00:04+0000,15.69,2.47,0,1.43,2.92,4.16,17.51,28.6,0,1.43,3.62,4.73
56,2023-02-19,09:00:00,54.88175,P ugm-3,1.99568,P ugm-3,12.04875,P ugm-3,15.10875,N ugm-3,9.1,P ugm-3 (FIDAS),4.434,P ugm-3 (Ref.eq),305.9,N deg,3.6,N ms-1,5.8,N degC,Saturday,2023-02-19T09:00:01+00:00,1676797201,2023-02-19T09:00:01+0000,26.29,0,0,3.56,4.58,6.14,22.91,13.7,0,0.71,2.41,3.09
57,2023-02-19,10:00:00,60.07057,P ugm-3,1.99568,P ugm-3,9.37125,P ugm-3,12.43125,N ugm-3,10.4,P ugm-3 (FIDAS),4.906,P ugm-3 (Ref.eq),310.6,N deg,4,N ms-1,7.1,N degC,Saturday,2023-02-19T10:00:05+00:00,1676800805,2023-02-19T10:00:05+0000,3.34,9.57,0,0.71,2.79,3.2,16.2,21.95,0.68,0,2.24,2.46
58,2023-02-19,11:00:00,64.46111,P ugm-3,2.61933,P ugm-3,8.7975,P ugm-3,12.81375,N ugm-3,10.5,P ugm-3 (FIDAS),4.057,P ugm-3 (Ref.eq),310.9,N deg,3.8,N ms-1,8.4,N degC,Saturday,2023-02-19T11:00:01+00:00,1676804401,2023-02-19T11:00:01+0000,0,8.47,0,0.71,3.1,3.42,0,27.2,0,1.43,3.36,3.69
59,2023-02-19,12:00:00,69.25079,P ugm-3,2.12041,P ugm-3,7.07625,P ugm-3,10.3275,N ugm-3,7.7,P ugm-3 (FIDAS),2.83,P ugm-3 (Ref.eq),295.4,N deg,3.9,N ms-1,9.4,N degC,Saturday,2023-02-19T12:00:03+00:00,1676808003,2023-02-19T12:00:03+0000,0,10.62,0,1.43,3.32,3.65,8.75,36.95,0,1.43,3.92,4.31
60,2023-02-19,13:00:00,67.45466,P ugm-3,2.24514,P ugm-3,8.0325,P ugm-3,11.475,N ugm-3,6.6,P ugm-3 (FIDAS),2.736,P ugm-3 (Ref.eq),279.7,N deg,4.4,N ms-1,9.9,N degC,Saturday,2023-02-19T13:00:02+00:00,1676811602,2023-02-19T13:00:02+0000,15.49,9.47,0,1.43,3.8,4.38,10.15,34.05,0,2.85,4.6,5.05
61,2023-02-19,14:00:00,63.66283,P ugm-3,3.99136,P ugm-3,13.77,P ugm-3,19.89,N ugm-3,7.2,P ugm-3 (FIDAS),3.113,P ugm-3 (Ref.eq),265.2,N deg,4.1,N ms-1,10.5,N degC,Saturday,2023-02-19T14:00:24+00:00,1676815224,2023-02-19T14:00:24+0000,20.79,0,0,1.43,4.41,5.13,27.15,0.25,0,0.71,3.49,3.84
62,2023-02-19,15:00:00,63.26369,P ugm-3,3.61717,P ugm-3,14.535,P ugm-3,20.08125,N ugm-3,6.7,P ugm-3 (FIDAS),2.83,P ugm-3 (Ref.eq),256,N deg,4.3,N ms-1,10.9,N degC,Saturday,2023-02-19T15:00:01+00:00,1676818801,2023-02-19T15:00:01+0000,17.39,11.67,0,1.43,3.34,3.55,25.8,25.05,0,1.43,4.16,4.46
63,2023-02-19,16:00:00,64.06197,P ugm-3,1.99568,P ugm-3,10.71,P ugm-3,13.77,N ugm-3,7.7,P ugm-3 (FIDAS),3.302,P ugm-3 (Ref.eq),246.6,N deg,4.8,N ms-1,10.1,N degC,Saturday,2023-02-19T16:00:04+00:00,1676822404,2023-02-19T16:00:04+0000,27.64,13.52,0,2.14,4.16,5.23,33.65,30.05,0,2.14,3.4,4.59
64,2023-02-19,17:00:00,59.27229,P ugm-3,1.49676,P ugm-3,13.96125,P ugm-3,16.25625,N ugm-3,7.5,P ugm-3 (FIDAS),3.396,P ugm-3 (Ref.eq),245.5,N deg,5,N ms-1,8.5,N degC,Saturday,2023-02-19T17:00:07+00:00,1676826007,2023-02-19T17:00:07+0000,27.39,6.87,0,2.14,3.95,5.31,35.5,21.5,0,0.71,2.83,3.17
65,2023-02-19,18:00:00,55.28089,P ugm-3,2.86879,P ugm-3,19.69875,P ugm-3,24.0975,N ugm-3,8,P ugm-3 (FIDAS),3.302,P ugm-3 (Ref.eq),248,N deg,5.5,N ms-1,7.5,N degC,Saturday,2023-02-19T18:00:04+00:00,1676829604,2023-02-19T18:00:04+0000,33.79,0,1.72,1.43,3.91,6.79,39.85,12.5,0,2.85,5.13,7.53
66,2023-02-19,19:00:00,49.8925,P ugm-3,1.87095,P ugm-3,19.89,P ugm-3,22.75875,N ugm-3,9,P ugm-3 (FIDAS),4.623,P ugm-3 (Ref.eq),250.5,N deg,5.6,N ms-1,6.7,N degC,Saturday,2023-02-19T19:00:05+00:00,1676833205,2023-02-19T19:00:05+0000,24.79,1.62,2.16,2.85,4.76,6.1,29.81,23.1,0.63,6.41,7.66,10.78
67,2023-02-19,20:00:00,40.31314,P ugm-3,1.74622,P ugm-3,21.8025,P ugm-3,24.48,N ugm-3,10.8,P ugm-3 (FIDAS),6.981,P ugm-3 (Ref.eq),253,N deg,5.5,N ms-1,6,N degC,Saturday,2023-02-19T20:00:05+00:00,1676836805,2023-02-19T20:00:05+0000,29.79,0,0,5.7,7.8,12.17,35.36,13.85,1.49,4.28,4.79,8.19
68,2023-02-19,21:00:00,50.09207,P ugm-3,0.99784,P ugm-3,13.3875,P ugm-3,14.9175,N ugm-3,8.1,P ugm-3 (FIDAS),5.66,P ugm-3 (Ref.eq),246.6,N deg,6,N ms-1,5.8,N degC,Saturday,2023-02-19T21:00:01+00:00,1676840401,2023-02-19T21:00:01+0000,14.04,12.67,6.26,3.56,4.38,7.53,17.25,30.05,1.78,4.28,4.68,7.53
69,2023-02-19,22:00:00,54.08347,P ugm-3,1.2473,P ugm-3,11.28375,P ugm-3,13.19625,N ugm-3,5.7,P ugm-3 (FIDAS),3.962,P ugm-3 (Ref.eq),244.2,N deg,6,N ms-1,5.4,N degC,Saturday,2023-02-19T22:00:01+00:00,1676844001,2023-02-19T22:00:01+0000,19.74,3.37,0,4.28,5.77,9.5,16.7,27.5,0,6.41,7.02,11.34
70,2023-02-19,23:00:00,53.08562,P ugm-3,0.62365,P ugm-3,8.98875,P ugm-3,9.945,N ugm-3,7.2,P ugm-3 (FIDAS),5.377,P ugm-3 (Ref.eq),247.6,N deg,6,N ms-1,6.4,N degC,Saturday,2023-02-19T23:00:08+00:00,1676847608,2023-02-19T23:00:08+0000,12.44,11.42,2.71,5.7,7.58,11.38,16,30.75,0,5.7,6.39,9.39
71,2023-02-19,24:00:00,51.48906,P ugm-3,0.74838,P ugm-3,8.415,P ugm-3,9.5625,N ugm-3,8.6,P ugm-3 (FIDAS),6.604,P ugm-3 (Ref.eq),251.6,N deg,5.9,N ms-1,6.7,N degC,Sunday,2023-02-20T00:00:05+00:00,1676851205,2023-02-20T00:00:05+0000,15.64,11.72,0,4.99,5.98,10.67,16.25,30.3,0,4.99,5.75,8.74
72,2023-02-20,01:00:00,52.28734,P ugm-3,0.62365,P ugm-3,6.69375,P ugm-3,7.65,N ugm-3,6.8,P ugm-3 (FIDAS),5.283,P ugm-3 (Ref.eq),246.5,N deg,5.2,N ms-1,6.8,N degC,Sunday,2023-02-20 01:00:07+00:00,1676854807,2023-02-20 01:00:07+00:00,16.84,6.57,11.19,4.28,4.37,6.92,16.8,30.5,0,2.85,4.19,6.94
73,2023-02-20,02:00:00,49.69293,P ugm-3,0.99784,P ugm-3,6.885,P ugm-3,8.415,N ugm-3,5.9,P ugm-3 (FIDAS),4.811,P ugm-3 (Ref.eq),254.7,N deg,6,N ms-1,7.1,N degC,Sunday,2023-02-20 02:00:06+00:00,1676858406,2023-02-20 02:00:06+00:00,11.14,13.62,0,4.28,5.24,8.73,12.3,37.8,0.34,2.14,2.75,5.18
74,2023-02-20,03:00:00,54.28304,P ugm-3,0.37419,P ugm-3,3.4425,P ugm-3,4.01625,N ugm-3,4.6,P ugm-3 (FIDAS),3.491,P ugm-3 (Ref.eq),263.8,N deg,6.8,N ms-1,8.3,N degC,Sunday,2023-02-20 03:00:06+00:00,1676862006,2023-02-20 03:00:06+00:00,13.24,9.67,0,2.14,2.81,5.15,7.6,33.8,5.89,0.71,2.26,4.6
75,2023-02-20,04:00:00,54.28304,P ugm-3,0.37419,P ugm-3,3.06,P ugm-3,3.63375,N ugm-3,2.6,P ugm-3 (FIDAS),2.075,P ugm-3 (Ref.eq),267.4,N deg,6.7,N ms-1,8.7,N degC,Sunday,2023-02-20 04:00:04+00:00,1676865604,2023-02-20 04:00:04+00:00,6.14,11.57,0,1.43,2.79,6.94,4.41,38.05,0,1.43,2.27,4.59
76,2023-02-20,05:00:00,50.09207,P ugm-3,0.74838,P ugm-3,5.355,P ugm-3,6.5025,N ugm-3,2.4,P ugm-3 (FIDAS),1.887,P ugm-3 (Ref.eq),265.5,N deg,6.7,N ms-1,8.9,N degC,Sunday,2023-02-20 05:00:07+00:00,1676869207,2023-02-20 05:00:07+00:00,8.14,3.82,0,0.71,2.35,5.14,9.3,29.5,1.02,2.85,3.23,5.76
77,2023-02-20,06:00:00,49.8925,P ugm-3,0.74838,P ugm-3,6.31125,P ugm-3,7.45875,N ugm-3,2,P ugm-3 (FIDAS),1.604,P ugm-3 (Ref.eq),267.8,N deg,6.3,N ms-1,9.1,N degC,Sunday,2023-02-20 06:00:07+00:00,1676872807,2023-02-20 06:00:07+00:00,12.74,0,0,2.14,3.3,6.34,9.1,28.3,0,0,1.8,4
78,2023-02-20,07:00:00,43.50626,P ugm-3,1.37203,P ugm-3,13.77,P ugm-3,15.87375,N ugm-3,2.1,P ugm-3 (FIDAS),1.604,P ugm-3 (Ref.eq),269.2,N deg,6.3,N ms-1,9.2,N degC,Sunday,2023-02-20 07:00:05+00:00,1676876405,2023-02-20 07:00:05+00:00,16.94,0,2.27,1.43,2.8,5.75,9.8,25.9,0,0.71,1.33,3.4
79,2023-02-20,08:00:00,38.91615,P ugm-3,3.36771,P ugm-3,22.185,P ugm-3,27.34875,N ugm-3,2.5,P ugm-3 (FIDAS),1.604,P ugm-3 (Ref.eq),269,N deg,6.2,N ms-1,9.1,N degC,Sunday,2023-02-20 08:00:04+00:00,1676880004,2023-02-20 08:00:04+00:00,22.84,0,0,0.71,1.83,3.97,25.61,16.45,0,0,1.5,3.43
80,2023-02-20,09:00:00,45.50196,P ugm-3,4.36555,P ugm-3,18.16875,P ugm-3,24.8625,N ugm-3,2.3,P ugm-3 (FIDAS),1.321,P ugm-3 (Ref.eq),268.8,N deg,5.8,N ms-1,9.2,N degC,Sunday,2023-02-20 09:00:09+00:00,1676883609,2023-02-20 09:00:09+00:00,22.94,0,0.22,0,1.36,2.22,19.5,4.05,0.74,0,2.05,2.25
81,2023-02-20,10:00:00,46.89895,P ugm-3,5.61285,P ugm-3,17.9775,P ugm-3,26.58375,N ugm-3,3.8,P ugm-3 (FIDAS),1.132,P ugm-3 (Ref.eq),267.4,N deg,5.9,N ms-1,9.3,N degC,Sunday,2023-02-20 10:00:06+00:00,1676887206,2023-02-20 10:00:06+00:00,6.59,0,0,0,1.92,2.11,0.8,6.1,0,0,1.96,2.29
82,2023-02-20,11:00:00,53.28519,P ugm-3,5.11393,P ugm-3,14.535,P ugm-3,22.37625,N ugm-3,5.9,P ugm-3 (FIDAS),1.226,P ugm-3 (Ref.eq),265.6,N deg,5.2,N ms-1,9.7,N degC,Sunday,2023-02-20 11:00:01+00:00,1676890801,2023-02-20 11:00:01+00:00,14.84,0,0,0.71,2.44,2.68,17.35,18.8,0,0,2.01,2.21
83,2023-02-20,12:00:00,56.67788,P ugm-3,3.99136,P ugm-3,12.04875,P ugm-3,18.16875,N ugm-3,7.9,P ugm-3 (FIDAS),1.887,P ugm-3 (Ref.eq),261.7,N deg,5.1,N ms-1,10.3,N degC,Sunday,2023-02-20 12:00:03+00:00,1676894403,2023-02-20 12:00:03+00:00,6.94,9.17,0,0.71,2.47,2.71,11.11,22.6,0,0.71,2.53,2.79
84,2023-02-20,13:00:00,55.68003,P ugm-3,4.36555,P ugm-3,13.96125,P ugm-3,20.655,N ugm-3,8.9,P ugm-3 (FIDAS),2.17,P ugm-3 (Ref.eq),259.1,N deg,4.8,N ms-1,10.8,N degC,Sunday,2023-02-20 13:00:32+00:00,1676898032,2023-02-20 13:00:32+00:00,0.84,16.97,0,0.71,2.48,2.73,3,37.75,0,0,2.19,2.41
85,2023-02-20,14:00:00,57.8753,P ugm-3,3.99136,P ugm-3,11.66625,P ugm-3,17.78625,N ugm-3,7.1,P ugm-3 (FIDAS),1.792,P ugm-3 (Ref.eq),260,N deg,4.6,N ms-1,11.5,N degC,Sunday,2023-02-20 14:00:09+00:00,1676901609,2023-02-20 14:00:09+00:00,17.69,0,0,0,2.57,2.83,21.95,11,0,0.71,2.72,2.99
86,2023-02-20,15:00:00,56.07917,P ugm-3,5.73758,P ugm-3,12.81375,P ugm-3,21.61125,N ugm-3,8.3,P ugm-3 (FIDAS),2.075,P ugm-3 (Ref.eq),258,N deg,4.5,N ms-1,11.5,N degC,Sunday,2023-02-20 15:00:04+00:00,1676905204,2023-02-20 15:00:04+00:00,4.59,0,0,0.71,2.66,2.93,19.5,20.7,0,0.71,2.35,2.41
87,2023-02-20,16:00:00,56.47831,P ugm-3,3.11825,P ugm-3,13.77,P ugm-3,18.55125,N ugm-3,7.1,P ugm-3 (FIDAS),1.698,P ugm-3 (Ref.eq),261.1,N deg,4.3,N ms-1,10.9,N degC,Sunday,2023-02-20 16:00:04+00:00,1676908804,2023-02-20 16:00:04+00:00,29.59,3.07,0,0.71,2.86,3.14,36.2,25,0,1.43,3.13,4.03
88,2023-02-20,17:00:00,52.08777,P ugm-3,4.11609,P ugm-3,17.40375,P ugm-3,23.715,N ugm-3,7.3,P ugm-3 (FIDAS),2.453,P ugm-3 (Ref.eq),260.9,N deg,4.4,N ms-1,10.1,N degC,Sunday,2023-02-20 17:00:05+00:00,1676912405,2023-02-20 17:00:05+00:00,22.09,10.92,0,1.43,3.7,4.7,32.85,27.55,0.25,1.43,2.42,3.49
89,2023-02-20,18:00:00,47.29809,P ugm-3,2.99352,P ugm-3,22.5675,P ugm-3,27.1575,N ugm-3,5.9,P ugm-3 (FIDAS),2.17,P ugm-3 (Ref.eq),259.5,N deg,4.4,N ms-1,9.5,N degC,Sunday,2023-02-20 18:00:03+00:00,1676916003,2023-02-20 18:00:03+00:00,33.69,0,0.37,1.43,2.5,4.12,32.1,18.7,0,1.43,2.77,4.92
90,2023-02-20,19:00:00,44.30454,P ugm-3,2.74406,P ugm-3,21.99375,P ugm-3,26.20125,N ugm-3,4.9,P ugm-3 (FIDAS),2.17,P ugm-3 (Ref.eq),257.6,N deg,4.7,N ms-1,9,N degC,Sunday,2023-02-20 19:00:06+00:00,1676919606,2023-02-20 19:00:06+00:00,30.54,0,5.62,1.43,3.39,4.85,29.85,18.15,0,1.43,3.21,4.94
91,2023-02-20,20:00:00,39.914,P ugm-3,2.61933,P ugm-3,24.67125,P ugm-3,28.6875,N ugm-3,5.4,P ugm-3 (FIDAS),2.736,P ugm-3 (Ref.eq),255.3,N deg,4.7,N ms-1,8.1,N degC,Sunday,2023-02-20 20:00:05+00:00,1676923205,2023-02-20 20:00:05+00:00,31.89,0,0,2.14,3.29,5.56,36,1.8,0,1.43,2.71,4.3
92,2023-02-20,21:00:00,44.30454,P ugm-3,1.37203,P ugm-3,18.36,P ugm-3,20.46375,N ugm-3,4.3,P ugm-3 (FIDAS),2.736,P ugm-3 (Ref.eq),254.5,N deg,4.3,N ms-1,7.6,N degC,Sunday,2023-02-20 21:00:05+00:00,1676926805,2023-02-20 21:00:05+00:00,22.09,0,0,2.14,3.26,4.92,20.7,19.6,5.81,2.85,4.16,6.25
93,2023-02-20,22:00:00,49.69293,P ugm-3,1.74622,P ugm-3,12.81375,P ugm-3,15.49125,N ugm-3,3.1,P ugm-3 (FIDAS),1.981,P ugm-3 (Ref.eq),256,N deg,4.3,N ms-1,7.1,N degC,Sunday,2023-02-20 22:00:04+00:00,1676930404,2023-02-20 22:00:04+00:00,18.84,0,0,2.14,3.24,4.93,21.06,12.75,0,4.99,5.1,7.53
94,2023-02-20,23:00:00,40.51271,P ugm-3,1.37203,P ugm-3,17.2125,P ugm-3,19.31625,N ugm-3,4.3,P ugm-3 (FIDAS),3.208,P ugm-3 (Ref.eq),257.4,N deg,4.1,N ms-1,6.7,N degC,Sunday,2023-02-20 23:00:04+00:00,1676934004,2023-02-20 23:00:04+00:00,20.59,0,0.56,5.7,6.68,9.48,25.06,7.05,0,2.85,4.09,6.26
95,2023-02-20,24:00:00,39.71443,P ugm-3,0.99784,P ugm-3,14.535,P ugm-3,16.065,N ugm-3,5.4,P ugm-3 (FIDAS),4.057,P ugm-3 (Ref.eq),252.4,N deg,3.9,N ms-1,6.4,N degC,Sunday,2023-02-21 00:00:04+00:00,1676937604,2023-02-21 00:00:04+00:00,14.44,0,0,2.85,3.68,5.6,14.95,20.95,0,,,
96,2023-02-21,01:00:00,44.90325,P ugm-3,0.62365,P ugm-3,9.37125,P ugm-3,10.3275,N ugm-3,4.4,P ugm-3 (FIDAS),3.302,P ugm-3 (Ref.eq),243.8,N deg,3.2,N ms-1,6,N degC,Monday,2023-02-21T01:00:04+00:00,1676941204,2023-02-21T01:00:04+0000,10.09,5.37,0,3.56,4.66,6.89,11.25,25.05,6.59,4.28,4.55,6.9
97,2023-02-21,02:00:00,53.8839,P ugm-3,0.62365,P ugm-3,4.9725,P ugm-3,5.92875,N ugm-3,3.3,P ugm-3 (FIDAS),2.547,P ugm-3 (Ref.eq),247,N deg,3.4,N ms-1,5.9,N degC,Monday,2023-02-21T02:00:05+00:00,1676944805,2023-02-21T02:00:05+0000,18.14,0,1.14,2.14,3.65,5.61,13.5,25.95,0,2.85,3.1,5
98,2023-02-21,03:00:00,52.28734,P ugm-3,0.74838,P ugm-3,6.12,P ugm-3,7.2675,N ugm-3,2.8,P ugm-3 (FIDAS),2.359,P ugm-3 (Ref.eq),250.1,N deg,3.3,N ms-1,5.7,N degC,Monday,2023-02-21T03:00:00+00:00,1676948400,2023-02-21T03:00:00+0000,9.34,6.72,0.49,2.14,3.18,4.96,10.95,25.15,0.87,2.14,3.12,4.99
99,2023-02-21,04:00:00,54.68218,P ugm-3,0.62365,P ugm-3,4.9725,P ugm-3,5.92875,N ugm-3,2.6,P ugm-3 (FIDAS),1.887,P ugm-3 (Ref.eq),254,N deg,3.3,N ms-1,5.7,N degC,Monday,2023-02-21T04:00:07+00:00,1676952007,2023-02-21T04:00:07+0000,4.89,9.07,0,2.14,3.74,5.58,6.1,29.8,0,1.43,2.2,4.32
100,2023-02-21,05:00:00,54.88175,P ugm-3,0.49892,P ugm-3,4.39875,P ugm-3,5.16375,N ugm-3,2.4,P ugm-3 (FIDAS),1.509,P ugm-3 (Ref.eq),266.7,N deg,3.1,N ms-1,6.1,N degC,Monday,2023-02-21T05:00:07+00:00,1676955607,2023-02-21T05:00:07+0000,15.84,0,0.41,0.71,1.79,2.95,13.25,18.4,1.25,1.43,2.72,4.3
101,2023-02-21,06:00:00,46.49981,P ugm-3,1.74622,P ugm-3,13.3875,P ugm-3,16.065,N ugm-3,2.3,P ugm-3 (FIDAS),1.415,P ugm-3 (Ref.eq),262.9,N deg,2.7,N ms-1,6.3,N degC,Monday,2023-02-21T06:00:07+00:00,1676959207,2023-02-21T06:00:07+0000,21.69,0,0,0.71,1.83,2.92,24.91,5.5,3.6,0.71,1.76,3.63
102,2023-02-21,07:00:00,43.30669,P ugm-3,2.24514,P ugm-3,22.5675,P ugm-3,26.01,N ugm-3,2.5,P ugm-3 (FIDAS),1.415,P ugm-3 (Ref.eq),246.9,N deg,1.9,N ms-1,6.6,N degC,Monday,2023-02-21T07:00:04+00:00,1676962804,2023-02-21T07:00:04+0000,27.19,0,0,1.43,2.81,4.24,32.5,0,0.71,1.43,2.74,4.29
103,2023-02-21,08:00:00,34.72518,P ugm-3,3.86663,P ugm-3,31.55625,P ugm-3,37.485,N ugm-3,5.5,P ugm-3 (FIDAS),3.302,P ugm-3 (Ref.eq),225.1,N deg,2,N ms-1,6.7,N degC,Monday,2023-02-21T08:00:03+00:00,1676966403,2023-02-21T08:00:03+0000,29.64,0,3.97,3.56,5.24,8.18,37.66,0,0,4.28,5.65,8.17
104,2023-02-21,09:00:00,39.914,P ugm-3,3.24298,P ugm-3,26.01,P ugm-3,30.9825,N ugm-3,6.7,P ugm-3 (FIDAS),3.774,P ugm-3 (Ref.eq),240.6,N deg,2.3,N ms-1,6.8,N degC,Monday,2023-02-21T09:00:02+00:00,1676970002,2023-02-21T09:00:02+0000,18.29,0,3.64,3.56,5.33,7.53,19.3,13.65,1.2,3.56,4.35,6.2
105,2023-02-21,10:00:00,50.69078,P ugm-3,2.74406,P ugm-3,17.02125,P ugm-3,21.22875,N ugm-3,10.7,P ugm-3 (FIDAS),6.887,P ugm-3 (Ref.eq),250.2,N deg,2.3,N ms-1,6.7,N degC,Monday,2023-02-21T10:00:06+00:00,1676973606,2023-02-21T10:00:06+0000,9.74,6.52,0,5.7,6.86,11.54,15.85,25.8,0,4.99,6.87,10.21
106,2023-02-21,11:00:00,50.49121,P ugm-3,2.61933,P ugm-3,14.9175,P ugm-3,18.93375,N ugm-3,10.8,P ugm-3 (FIDAS),6.981,P ugm-3 (Ref.eq),245,N deg,2.4,N ms-1,6.5,N degC,Monday,2023-02-21T11:00:08+00:00,1676977208,2023-02-21T11:00:08+0000,7.89,8.32,18.47,4.99,7.35,11.54,9.96,31.8,0,4.99,6.4,8.87
107,2023-02-21,12:00:00,52.68648,P ugm-3,2.36987,P ugm-3,12.43125,P ugm-3,16.065,N ugm-3,7.7,P ugm-3 (FIDAS),4.906,P ugm-3 (Ref.eq),241.3,N deg,2.7,N ms-1,6.4,N degC,Monday,2023-02-21T12:00:06+00:00,1676980806,2023-02-21T12:00:06+0000,29.19,0,0.87,4.99,6.92,10.91,31.1,9.5,2.55,4.99,6.4,8.87
108,2023-02-21,13:00:00,49.8925,P ugm-3,3.24298,P ugm-3,13.96125,P ugm-3,18.93375,N ugm-3,9,P ugm-3 (FIDAS),6.321,P ugm-3 (Ref.eq),239.8,N deg,2.7,N ms-1,6.6,N degC,Monday,2023-02-21T13:00:07+00:00,1676984407,2023-02-21T13:00:07+0000,8.64,7.47,14.39,4.99,6.94,9.56,12.6,26.85,0,4.99,6.44,9.56
109,2023-02-21,14:00:00,47.8968,P ugm-3,2.74406,P ugm-3,14.1525,P ugm-3,18.36,N ugm-3,8.9,P ugm-3 (FIDAS),6.509,P ugm-3 (Ref.eq),239.7,N deg,3.2,N ms-1,6.9,N degC,Monday,2023-02-21T14:00:08+00:00,1676988008,2023-02-21T14:00:08+0000,18.24,0,0,4.99,8.27,15.46,20.2,23.6,1.52,3.56,6.76,9.51
110,2023-02-21,15:00:00,47.09852,P ugm-3,2.74406,P ugm-3,14.9175,P ugm-3,19.125,N ugm-3,8.9,P ugm-3 (FIDAS),6.509,P ugm-3 (Ref.eq),245.4,N deg,3.2,N ms-1,7,N degC,Monday,2023-02-21T15:00:06+00:00,1676991606,2023-02-21T15:00:06+0000,29.04,0,0,6.41,9.65,13.4,27.3,9.8,0,5.7,7.16,10.77
111,2023-02-21,16:00:00,45.30239,P ugm-3,3.11825,P ugm-3,16.4475,P ugm-3,21.22875,N ugm-3,8.4,P ugm-3 (FIDAS),5.283,P ugm-3 (Ref.eq),246.4,N deg,3,N ms-1,7,N degC,Monday,2023-02-21T16:00:10+00:00,1676995210,2023-02-21T16:00:10+0000,11.69,1.27,0,4.99,7.28,11.49,15,15.45,7.55,5.7,6.26,10.16
112,2023-02-21,17:00:00,40.11357,P ugm-3,2.61933,P ugm-3,19.31625,P ugm-3,23.3325,N ugm-3,7.9,P ugm-3 (FIDAS),5,P ugm-3 (Ref.eq),246.2,N deg,3,N ms-1,7,N degC,Monday,2023-02-21T17:00:01+00:00,1676998801,2023-02-21T17:00:01+0000,24.64,0,3.58,7.84,9.99,15.19,27.6,19.3,0,7.13,8.43,13.2
113,2023-02-21,18:00:00,37.12002,P ugm-3,2.61933,P ugm-3,20.08125,P ugm-3,24.0975,N ugm-3,8,P ugm-3 (FIDAS),5.849,P ugm-3 (Ref.eq),242.7,N deg,2.8,N ms-1,6.9,N degC,Monday,2023-02-21T18:00:05+00:00,1677002405,2023-02-21T18:00:05+0000,10.44,0,0,8.55,9.93,13.86,22.75,16.55,0,9.26,9.8,14.99
114,2023-02-21,19:00:00,37.71873,P ugm-3,1.99568,P ugm-3,17.595,P ugm-3,20.655,N ugm-3,9.3,P ugm-3 (FIDAS),6.887,P ugm-3 (Ref.eq),237.9,N deg,2.7,N ms-1,6.7,N degC,Monday,2023-02-21T19:00:08+00:00,1677006008,2023-02-21T19:00:08+0000,27.59,0,11.41,7.84,7.95,11.31,23.3,3.8,0,7.84,8.38,11.91
115,2023-02-21,20:00:00,37.9183,P ugm-3,1.62149,P ugm-3,15.49125,P ugm-3,17.9775,N ugm-3,8.7,P ugm-3 (FIDAS),6.981,P ugm-3 (Ref.eq),229.7,N deg,2.7,N ms-1,6.4,N degC,Monday,2023-02-21T19:59:59+00:00,1677009599,2023-02-21T19:59:59+0000,20.84,0,0,9.26,9.89,17.61,22.05,9.25,10.6,9.26,9.32,14.99
116,2023-02-21,21:00:00,32.92905,P ugm-3,1.74622,P ugm-3,18.93375,P ugm-3,21.61125,N ugm-3,11.1,P ugm-3 (FIDAS),8.868,P ugm-3 (Ref.eq),219.7,N deg,2.6,N ms-1,6.1,N degC,Monday,2023-02-21T21:00:04+00:00,1677013204,2023-02-21T21:00:04+0000,19.24,0,0,9.26,10.28,15.61,16.05,14.95,9.89,9.26,10.73,15.57
117,2023-02-21,22:00:00,29.73593,P ugm-3,1.62149,P ugm-3,18.93375,P ugm-3,21.42,N ugm-3,12.1,P ugm-3 (FIDAS),10,P ugm-3 (Ref.eq),218.6,N deg,3.1,N ms-1,5.9,N degC,Monday,2023-02-21T22:00:07+00:00,1677016807,2023-02-21T22:00:07+0000,15.49,0,14.02,11.4,13.21,20.62,13.8,12.3,0,11.4,12.65,20.49
118,2023-02-21,23:00:00,27.14152,P ugm-3,1.74622,P ugm-3,18.7425,P ugm-3,21.42,N ugm-3,13.2,P ugm-3 (FIDAS),11.226,P ugm-3 (Ref.eq),219.2,N deg,2.9,N ms-1,5.9,N degC,Monday,2023-02-21T23:00:09+00:00,1677020409,2023-02-21T23:00:09+0000,19.19,0,0,12.11,15.11,20.56,21,3.8,0,13.54,14.52,22.84
119,2023-02-21,24:00:00,26.34324,P ugm-3,1.49676,P ugm-3,16.83,P ugm-3,19.125,N ugm-3,16.7,P ugm-3 (FIDAS),13.962,P ugm-3 (Ref.eq),222.5,N deg,2.5,N ms-1,6,N degC,Monday,2023-02-22T00:00:01+00:00,1677024001,2023-02-22T00:00:01+0000,19.89,0,0.63,14.25,16.46,26.54,16.6,10,0,14.96,15.44,22.75
120,2023-02-22,01:00:00,34.32604,P ugm-3,0.99784,P ugm-3,10.51875,P ugm-3,12.04875,N ugm-3,18.3,P ugm-3 (FIDAS),15,P ugm-3 (Ref.eq),224.3,N deg,3.4,N ms-1,6.3,N degC,Tuesday,2023-02-22T01:00:02+00:00,1677027602,2023-02-22T01:00:02+0000,7.59,0.27,0,16.39,20.33,32.08,7.06,22.6,0,15.68,16.88,25.8
121,2023-02-22,02:00:00,37.51916,P ugm-3,0.62365,P ugm-3,8.415,P ugm-3,9.37125,N ugm-3,20.9,P ugm-3 (FIDAS),17.17,P ugm-3 (Ref.eq),250.8,N deg,3.4,N ms-1,6.4,N degC,Tuesday,2023-02-22T02:00:07+00:00,1677031207,2023-02-22T02:00:07+0000,15.34,0,6.35,17.1,20.35,32.13,7.65,24.25,0,18.53,20.25,32.47
122,2023-02-22,03:00:00,35.32389,P ugm-3,0.62365,P ugm-3,9.18,P ugm-3,10.13625,N ugm-3,25.5,P ugm-3 (FIDAS),21.887,P ugm-3 (Ref.eq),259.8,N deg,3.4,N ms-1,6.4,N degC,Tuesday,2023-02-22T03:00:10+00:00,1677034810,2023-02-22T03:00:10+0000,14.44,0,0,20.66,22.46,39.21,10.05,19.15,0,18.53,20.92,34.72
123,2023-02-22,04:00:00,34.12647,P ugm-3,0.62365,P ugm-3,8.0325,P ugm-3,8.98875,N ugm-3,19.4,P ugm-3 (FIDAS),16.887,P ugm-3 (Ref.eq),264.9,N deg,3,N ms-1,6.4,N degC,Tuesday,2023-02-22T04:00:05+00:00,1677038405,2023-02-22T04:00:05+0000,9.54,0,0,14.96,18.55,33,12.41,15.2,0.75,15.68,17.5,26.88
124,2023-02-22,05:00:00,34.12647,P ugm-3,1.12257,P ugm-3,9.75375,P ugm-3,11.475,N ugm-3,15.1,P ugm-3 (FIDAS),13.302,P ugm-3 (Ref.eq),257.8,N deg,2.9,N ms-1,5.9,N degC,Tuesday,2023-02-22T05:00:07+00:00,1677042007,2023-02-22T05:00:07+0000,9.14,0,2.71,14.25,17.14,25.95,8.2,14.45,0,12.83,15.63,24.02
125,2023-02-22,06:00:00,33.12862,P ugm-3,0.99784,P ugm-3,12.81375,P ugm-3,14.34375,N ugm-3,16.9,P ugm-3 (FIDAS),14.811,P ugm-3 (Ref.eq),240.9,N deg,2.8,N ms-1,5.8,N degC,Tuesday,2023-02-22T06:00:09+00:00,1677045609,2023-02-22T06:00:09+0000,12.94,0,2.71,14.25,17.04,25.75,13.66,14.95,0,14.25,16.47,23.8
126,2023-02-22,07:00:00,29.53636,P ugm-3,1.62149,P ugm-3,16.83,P ugm-3,19.31625,N ugm-3,21,P ugm-3 (FIDAS),18.585,P ugm-3 (Ref.eq),229.6,N deg,2.5,N ms-1,5.5,N degC,Tuesday,2023-02-22T07:00:03+00:00,1677049203,2023-02-22T07:00:03+0000,16.59,0,37.6,19.24,22.7,37.32,19,7.55,0,19.24,20.72,35.36
127,2023-02-22,08:00:00,25.14582,P ugm-3,3.11825,P ugm-3,23.14125,P ugm-3,27.9225,N ugm-3,26.7,P ugm-3 (FIDAS),23.019,P ugm-3 (Ref.eq),228,N deg,2.8,N ms-1,5.9,N degC,Tuesday,2023-02-22T08:00:07+00:00,1677052807,2023-02-22T08:00:07+0000,20.74,0,5.45,14.96,17.96,28.6,23.45,0.1,0,15.68,17.96,29.77
128,2023-02-22,09:00:00,22.95055,P ugm-3,6.2365,P ugm-3,26.20125,P ugm-3,35.76375,N ugm-3,20.4,P ugm-3 (FIDAS),16.793,P ugm-3 (Ref.eq),232.7,N deg,3.3,N ms-1,6.1,N degC,Tuesday,2023-02-22T09:00:05+00:00,1677056405,2023-02-22T09:00:05+0000,32.14,0,2.74,12.83,17.55,27.57,29.35,0,0,14.96,16.51,27.39
129,2023-02-22,10:00:00,21.35399,P ugm-3,8.10745,P ugm-3,29.4525,P ugm-3,41.88375,N ugm-3,19.2,P ugm-3 (FIDAS),15.943,P ugm-3 (Ref.eq),244.6,N deg,2.9,N ms-1,6.2,N degC,Tuesday,2023-02-22T10:00:10+00:00,1677060010,2023-02-22T10:00:10+0000,30.24,0,1.69,12.11,16.73,27.29,33,0,0,14.96,17.63,30.13
130,2023-02-22,11:00:00,22.35184,P ugm-3,15.09233,P ugm-3,32.70375,P ugm-3,55.845,N ugm-3,15.6,P ugm-3 (FIDAS),13.019,P ugm-3 (Ref.eq),269.1,N deg,3.3,N ms-1,6.7,N degC,Tuesday,2023-02-22T11:00:44+00:00,1677063644,2023-02-22T11:00:44+0000,9.99,0,5.99,8.55,10.68,15.52,7,12.95,4.96,9.26,11.58,16.67
131,2023-02-22,12:00:00,48.29594,P ugm-3,8.23218,P ugm-3,18.7425,P ugm-3,31.365,N ugm-3,6.8,P ugm-3 (FIDAS),4.623,P ugm-3 (Ref.eq),304.9,N deg,4.2,N ms-1,7.2,N degC,Tuesday,2023-02-22T12:00:00+00:00,1677067200,2023-02-22T12:00:00+0000,15.64,0,0,0.71,2.24,4.29,19.15,0,2.21,2.85,3.48,4.81
132,2023-02-22,13:00:00,56.07917,P ugm-3,8.48164,P ugm-3,20.84625,P ugm-3,33.85125,N ugm-3,7.5,P ugm-3 (FIDAS),2.547,P ugm-3 (Ref.eq),307.3,N deg,4.3,N ms-1,6.3,N degC,Tuesday,2023-02-22T13:00:04+00:00,1677070804,2023-02-22T13:00:04+0000,18.79,0,2.6,0,2,2.75,10.16,1.05,0,1.43,2.79,3.2
133,2023-02-22,14:00:00,51.68863,P ugm-3,11.35043,P ugm-3,26.58375,P ugm-3,43.9875,N ugm-3,10.5,P ugm-3 (FIDAS),3.208,P ugm-3 (Ref.eq),316.5,N deg,4.5,N ms-1,7.9,N degC,Tuesday,2023-02-22T14:00:05+00:00,1677074405,2023-02-22T14:00:05+0000,9.39,0,0,1.43,3.12,4.04,21,10.25,10.63,2.14,3.77,4.66
134,2023-02-22,15:00:00,54.28304,P ugm-3,9.60421,P ugm-3,23.715,P ugm-3,38.44125,N ugm-3,9.6,P ugm-3 (FIDAS),3.208,P ugm-3 (Ref.eq),335.4,N deg,4.5,N ms-1,7.5,N degC,Tuesday,2023-02-22T15:00:08+00:00,1677078008,2023-02-22T15:00:08+0000,22.24,0,0.91,1.43,3.31,3.91,16.56,6.35,0.88,0.71,2.98,3.04
135,2023-02-22,16:00:00,49.09422,P ugm-3,9.9784,P ugm-3,28.6875,P ugm-3,43.9875,N ugm-3,9.7,P ugm-3 (FIDAS),3.208,P ugm-3 (Ref.eq),357.1,N deg,5.2,N ms-1,6.1,N degC,Tuesday,2023-02-22T16:00:04+00:00,1677081604,2023-02-22T16:00:04+0000,19.09,0,0,1.43,2.72,3.25,22.2,20.75,4.3,0.71,3.36,3.88
136,2023-02-22,17:00:00,53.08562,P ugm-3,10.10313,P ugm-3,26.01,P ugm-3,41.50125,N ugm-3,8.3,P ugm-3 (FIDAS),2.547,P ugm-3 (Ref.eq),359,N deg,4.6,N ms-1,4.8,N degC,Tuesday,2023-02-22T17:00:06+00:00,1677085206,2023-02-22T17:00:06+0000,49.14,0,0.79,0,2,2.75,54.2,0,7.68,0,1.44,2.81
137,2023-02-22,18:00:00,22.95055,P ugm-3,15.84071,P ugm-3,55.4625,P ugm-3,79.75125,N ugm-3,6.7,P ugm-3 (FIDAS),3.396,P ugm-3 (Ref.eq),2.4,N deg,5.2,N ms-1,4.3,N degC,Tuesday,2023-02-22T18:00:02+00:00,1677088802,2023-02-22T18:00:02+0000,46.49,0,0.19,2.14,3.77,5.57,52.7,0,1.01,2.14,3.77,6.87
138,2023-02-22,19:00:00,34.32604,P ugm-3,10.22786,P ugm-3,35.19,P ugm-3,50.8725,N ugm-3,7.6,P ugm-3 (FIDAS),3.585,P ugm-3 (Ref.eq),1.8,N deg,5.2,N ms-1,4.7,N degC,Tuesday,2023-02-22T19:00:05+00:00,1677092405,2023-02-22T19:00:05+0000,36.64,0,1.93,2.85,3.74,6.23,46.15,0,0,2.85,3.68,5.6
139,2023-02-22,20:00:00,40.31314,P ugm-3,5.98704,P ugm-3,30.2175,P ugm-3,39.3975,N ugm-3,5.1,P ugm-3 (FIDAS),3.679,P ugm-3 (Ref.eq),4.5,N deg,4.7,N ms-1,4.7,N degC,Tuesday,2023-02-22T20:00:00+00:00,1677096000,2023-02-22T20:00:00+0000,36.99,0,0,4.28,4.99,7.53,43.05,0,0,4.99,5.89,8.77
140,2023-02-22,21:00:00,43.30669,P ugm-3,4.49028,P ugm-3,21.99375,P ugm-3,28.87875,N ugm-3,6.6,P ugm-3 (FIDAS),5.283,P ugm-3 (Ref.eq),0.1,N deg,4.5,N ms-1,4.7,N degC,Tuesday,2023-02-22T21:00:03+00:00,1677099603,2023-02-22T21:00:03+0000,23.59,0,7,6.41,7.79,13.06,25.35,15.4,0.01,6.41,7.05,10.58
141,2023-02-22,22:00:00,49.69293,P ugm-3,2.74406,P ugm-3,21.61125,P ugm-3,25.81875,N ugm-3,6,P ugm-3 (FIDAS),4.906,P ugm-3 (Ref.eq),6.5,N deg,5,N ms-1,4.4,N degC,Tuesday,2023-02-22T22:00:02+00:00,1677103202,2023-02-22T22:00:02+0000,33.54,0,0,2.14,2.9,5.1,35.5,5.9,4.53,2.85,3.33,5.73
142,2023-02-22,23:00:00,47.69723,P ugm-3,3.7419,P ugm-3,20.08125,P ugm-3,25.81875,N ugm-3,5.9,P ugm-3 (FIDAS),4.528,P ugm-3 (Ref.eq),359.8,N deg,5.5,N ms-1,4.8,N degC,Tuesday,2023-02-22T23:00:00+00:00,1677106800,2023-02-22T23:00:00+0000,18.79,0,0,4.28,5.23,8.13,18.16,19.15,0,5.7,6.1,9.89
143,2023-02-22,24:00:00,48.49551,P ugm-3,1.49676,P ugm-3,12.6225,P ugm-3,14.9175,N ugm-3,7.5,P ugm-3 (FIDAS),5,P ugm-3 (Ref.eq),4.9,N deg,5.7,N ms-1,4.8,N degC,Tuesday,2023-02-23T00:00:08+00:00,1677110408,2023-02-23T00:00:08+0000,10.54,1.27,23.2,2.85,3.8,6.33,9.65,28.15,5.12,3.56,3.76,6.94
144,2023-02-23,01:00:00,50.09207,P ugm-3,0.87311,P ugm-3,9.945,P ugm-3,11.28375,N ugm-3,5.9,P ugm-3 (FIDAS),3.868,P ugm-3 (Ref.eq),12.6,N deg,5.2,N ms-1,4.9,N degC,Wednesday,2023-02-23 01:00:01+00:00,1677114001,2023-02-23 01:00:01+00:00,4.44,3.32,26.34,1.43,2.87,5.72,6.9,23.25,10.85,1.43,2.4,4.5
145,2023-02-23,02:00:00,54.48261,P ugm-3,0.49892,P ugm-3,6.12,P ugm-3,6.885,N ugm-3,5.3,P ugm-3 (FIDAS),3.208,P ugm-3 (Ref.eq),18.3,N deg,5.8,N ms-1,4.9,N degC,Wednesday,2023-02-23 02:00:01+00:00,1677117601,2023-02-23 02:00:01+00:00,8.39,4.22,2.5,2.85,3.86,6.92,8.95,28.65,0,2.14,2.88,5.11
146,2023-02-23,03:00:00,55.08132,P ugm-3,0.49892,P ugm-3,7.07625,P ugm-3,7.84125,N ugm-3,5.8,P ugm-3 (FIDAS),3.491,P ugm-3 (Ref.eq),12.8,N deg,5.3,N ms-1,5,N degC,Wednesday,2023-02-23 03:00:06+00:00,1677121206,2023-02-23 03:00:06+00:00,7.74,12.17,0,1.43,2.32,5.15,7.95,38.15,0,1.43,2.3,4.57
147,2023-02-23,04:00:00,60.07057,P ugm-3,0.62365,P ugm-3,7.45875,P ugm-3,8.415,N ugm-3,5.6,P ugm-3 (FIDAS),3.396,P ugm-3 (Ref.eq),18.9,N deg,6.3,N ms-1,5.1,N degC,Wednesday,2023-02-23 04:00:05+00:00,1677124805,2023-02-23 04:00:05+00:00,17.09,2.92,0,2.14,2.84,6.93,18.66,24.4,0,2.14,2.33,4.55
148,2023-02-23,05:00:00,56.47831,P ugm-3,2.61933,P ugm-3,32.5125,P ugm-3,36.52875,N ugm-3,5.7,P ugm-3 (FIDAS),3.302,P ugm-3 (Ref.eq),25.1,N deg,6.9,N ms-1,4.7,N degC,Wednesday,2023-02-23 05:00:06+00:00,1677128406,2023-02-23 05:00:06+00:00,40.79,0,1.49,2.14,2.81,5.14,43.51,2.55,0,2.14,2.83,5.14
149,2023-02-23,06:00:00,55.08132,P ugm-3,1.87095,P ugm-3,23.715,P ugm-3,26.58375,N ugm-3,6.7,P ugm-3 (FIDAS),3.962,P ugm-3 (Ref.eq),24.1,N deg,6.5,N ms-1,4.1,N degC,Wednesday,2023-02-23 06:00:01+00:00,1677132001,2023-02-23 06:00:01+00:00,8.04,7.47,6.55,0,1.91,4.51,7.75,27.15,3.28,0.71,1.95,3.87
150,2023-02-23,07:00:00,51.68863,P ugm-3,5.48812,P ugm-3,30.9825,P ugm-3,39.3975,N ugm-3,15.3,P ugm-3 (FIDAS),7.453,P ugm-3 (Ref.eq),22.5,N deg,6.2,N ms-1,3.4,N degC,Wednesday,2023-02-23 07:00:04+00:00,1677135604,2023-02-23 07:00:04+00:00,26.09,0,1.71,1.43,3.57,6.27,30.1,2.75,7.44,1.43,2.59,5.01
151,2023-02-23,08:00:00,47.8968,P ugm-3,6.73542,P ugm-3,33.2775,P ugm-3,43.605,N ugm-3,15.8,P ugm-3 (FIDAS),7.453,P ugm-3 (Ref.eq),23.3,N deg,5.4,N ms-1,2.9,N degC,Wednesday,2023-02-23 08:00:15+00:00,1677139215,2023-02-23 08:00:15+00:00,26.74,0,18.1,0.71,2.65,4.98,29.2,1.05,8.25,0.71,2.21,4.31
152,2023-02-23,09:00:00,41.71013,P ugm-3,9.72894,P ugm-3,35.19,P ugm-3,50.1075,N ugm-3,14.5,P ugm-3 (FIDAS),7.076,P ugm-3 (Ref.eq),29.4,N deg,6.2,N ms-1,4.3,N degC,Wednesday,2023-02-23 09:00:07+00:00,1677142807,2023-02-23 09:00:07+00:00,25.94,0,28.87,0.71,2.25,4.29,29.96,2.85,1.3,0.71,2.36,4.21
153,2023-02-23,10:00:00,46.69938,P ugm-3,11.35043,P ugm-3,38.25,P ugm-3,55.65375,N ugm-3,14.4,P ugm-3 (FIDAS),6.887,P ugm-3 (Ref.eq),32.6,N deg,6.2,N ms-1,5.3,N degC,Wednesday,2023-02-23 10:00:04+00:00,1677146404,2023-02-23 10:00:04+00:00,0,0,4.3,0,2.48,4.53,0,17.45,0,1.43,3.88,4.27
154,2023-02-23,11:00:00,55.48046,P ugm-3,10.35259,P ugm-3,34.99875,P ugm-3,50.8725,N ugm-3,15.2,P ugm-3 (FIDAS),6.604,P ugm-3 (Ref.eq),34.3,N deg,6.1,N ms-1,6.1,N degC,Wednesday,2023-02-23 11:00:05+00:00,1677150005,2023-02-23 11:00:05+00:00,12.74,17.87,0,0.71,3.59,7.53,20.61,14.95,2.88,0.71,3.46,3.47
155,2023-02-23,12:00:00,59.27229,P ugm-3,9.35475,P ugm-3,30.02625,P ugm-3,44.37,N ugm-3,15.5,P ugm-3 (FIDAS),6.698,P ugm-3 (Ref.eq),32,N deg,5.7,N ms-1,6.3,N degC,Wednesday,2023-02-23 12:00:00+00:00,1677153600,2023-02-23 12:00:00+00:00,3.34,1.52,0,0.71,3.83,5.15,0,23.5,0,0.71,4.05,4.45
156,2023-02-23,13:00:00,60.07057,P ugm-3,7.10961,P ugm-3,24.48,P ugm-3,35.38125,N ugm-3,14.7,P ugm-3 (FIDAS),6.792,P ugm-3 (Ref.eq),26.4,N deg,5.3,N ms-1,6.3,N degC,Wednesday,2023-02-23 13:00:05+00:00,1677157205,2023-02-23 13:00:05+00:00,23.34,5.07,14.94,2.14,5.26,6.75,20.41,30.45,0,2.14,4.43,4.87
157,2023-02-23,14:00:00,56.47831,P ugm-3,7.10961,P ugm-3,27.34875,P ugm-3,38.25,N ugm-3,17,P ugm-3 (FIDAS),8.113,P ugm-3 (Ref.eq),23,N deg,5,N ms-1,6.9,N degC,Wednesday,2023-02-23 14:00:04+00:00,1677160804,2023-02-23 14:00:04+00:00,19.84,0,0,3.56,6.82,8.3,36.3,24,0,4.28,7,9.11
158,2023-02-23,15:00:00,57.47616,P ugm-3,7.98272,P ugm-3,33.46875,P ugm-3,45.70875,N ugm-3,15.6,P ugm-3 (FIDAS),7.359,P ugm-3 (Ref.eq),18.6,N deg,4.7,N ms-1,6.8,N degC,Wednesday,2023-02-23 15:00:06+00:00,1677164406,2023-02-23 15:00:06+00:00,25.09,0,1.55,2.14,4.34,5.16,34.6,0,0,2.14,4.57,5.07
159,2023-02-23,16:00:00,59.871,P ugm-3,5.86231,P ugm-3,24.67125,P ugm-3,33.66,N ugm-3,11.7,P ugm-3 (FIDAS),5.377,P ugm-3 (Ref.eq),25.3,N deg,3.7,N ms-1,6.2,N degC,Wednesday,2023-02-23 16:00:09+00:00,1677168009,2023-02-23 16:00:09+00:00,38.89,0,0,0,3.82,4.37,39.56,6.1,0,1.43,4.41,4.85
160,2023-02-23,17:00:00,46.10067,P ugm-3,8.35691,P ugm-3,37.8675,P ugm-3,50.68125,N ugm-3,12.4,P ugm-3 (FIDAS),5.566,P ugm-3 (Ref.eq),11.8,N deg,2,N ms-1,5.2,N degC,Wednesday,2023-02-23 17:00:04+00:00,1677171604,2023-02-23 17:00:04+00:00,54.24,0,1.76,2.14,4.64,5.24,59,0,2.12,2.14,4.62,6.01
161,2023-02-23,18:00:00,26.14367,P ugm-3,9.85367,P ugm-3,57.56625,P ugm-3,72.675,N ugm-3,14.1,P ugm-3 (FIDAS),6.415,P ugm-3 (Ref.eq),344.3,N deg,2.3,N ms-1,3.7,N degC,Wednesday,2023-02-23 18:00:07+00:00,1677175207,2023-02-23 18:00:07+00:00,63.29,0,1.81,2.85,4.96,6.79,68.85,0,0,3.56,4.9,6.07
162,2023-02-23,19:00:00,3.59226,P ugm-3,47.77159,P ugm-3,87.975,P ugm-3,161.22375,N ugm-3,17.9,P ugm-3 (FIDAS),8.113,P ugm-3 (Ref.eq),343.9,N deg,1.8,N ms-1,2.1,N degC,Wednesday,2023-02-23 19:00:10+00:00,1677178810,2023-02-23 19:00:10+00:00,97.49,0,0,5.7,7.9,11.87,102.41,0,29.88,6.41,8.33,11.11
163,2023-02-23,20:00:00,1.79613,P ugm-3,104.52374,P ugm-3,93.52125,P ugm-3,253.78875,N ugm-3,37.4,P ugm-3 (FIDAS),21.321,P ugm-3 (Ref.eq),306.1,N deg,1.6,N ms-1,1,N degC,Wednesday,2023-02-23 20:00:02+00:00,1677182402,2023-02-23 20:00:02+00:00,87.69,0,20.85,17.1,19.85,35.08,93.1,0,28.61,17.1,19.65,33.2
164,2023-02-23,21:00:00,11.17592,P ugm-3,22.32667,P ugm-3,62.15625,P ugm-3,96.39,N ugm-3,22.4,P ugm-3 (FIDAS),11.698,P ugm-3 (Ref.eq),296.2,N deg,2.4,N ms-1,0.5,N degC,Wednesday,2023-02-23 21:00:05+00:00,1677186005,2023-02-23 21:00:05+00:00,46.89,0,0,4.99,7.27,9.66,47.3,0,3.54,4.28,5.65,7.53
165,2023-02-23,22:00:00,18.75958,P ugm-3,11.47516,P ugm-3,50.1075,P ugm-3,67.7025,N ugm-3,20.1,P ugm-3 (FIDAS),9.906,P ugm-3 (Ref.eq),313.2,N deg,2.5,N ms-1,0.4,N degC,Wednesday,2023-02-23 22:00:06+00:00,1677189606,2023-02-23 22:00:06+00:00,52.84,0,0,7.13,8.71,13.86,56.4,0,0.65,6.41,8.11,11.7
166,2023-02-23,23:00:00,14.96775,P ugm-3,9.47948,P ugm-3,53.9325,P ugm-3,68.4675,N ugm-3,21.6,P ugm-3 (FIDAS),10.66,P ugm-3 (Ref.eq),307.8,N deg,2.5,N ms-1,0.2,N degC,Wednesday,2023-02-23 23:00:04+00:00,1677193204,2023-02-23 23:00:04+00:00,52.34,0,0,8.55,9.27,13.91,52.51,0,1.03,7.13,8.62,11.7
167,2023-02-23,24:00:00,19.15872,P ugm-3,5.61285,P ugm-3,43.03125,P ugm-3,51.6375,N ugm-3,24.9,P ugm-3 (FIDAS),12.359,P ugm-3 (Ref.eq),306.9,N deg,2.7,N ms-1,0.3,N degC,Wednesday,2023-02-24 00:00:05+00:00,1677196805,2023-02-24 00:00:05+00:00,32.94,0,0,9.26,9.65,13.11,32,0,4.02,7.84,10.56,15.79
168,2023-02-24,01:00:00,29.33679,P ugm-3,1.74622,P ugm-3,27.1575,P ugm-3,29.835,N ugm-3,21.9,P ugm-3 (FIDAS),11.321,P ugm-3 (Ref.eq),270.8,N deg,2.5,N ms-1,0.3,N degC,Thursday,2023-02-24T01:00:02+00:00,1677200402,2023-02-24T01:00:02+0000,28.39,0,5.2,4.99,6.97,10.93,24.45,6.25,9.9,5.7,5.89,8.2
169,2023-02-24,02:00:00,30.93335,P ugm-3,8.98056,P ugm-3,26.58375,P ugm-3,40.35375,N ugm-3,14.6,P ugm-3 (FIDAS),7.17,P ugm-3 (Ref.eq),279.8,N deg,3.4,N ms-1,0.6,N degC,Thursday,2023-02-24T02:00:08+00:00,1677204008,2023-02-24T02:00:08+0000,17.99,0,9.48,3.56,5.45,10.92,20.85,14.75,0,2.85,3.87,5.53
170,2023-02-24,03:00:00,40.91185,P ugm-3,0.87311,P ugm-3,16.4475,P ugm-3,17.78625,N ugm-3,13.2,P ugm-3 (FIDAS),6.887,P ugm-3 (Ref.eq),292.6,N deg,3.6,N ms-1,1.2,N degC,Thursday,2023-02-24T03:00:10+00:00,1677207610,2023-02-24T03:00:10+0000,23.59,0,29.03,3.56,4.43,6.18,22.85,15.5,3.9,2.85,4.29,6.21
171,2023-02-24,04:00:00,40.51271,P ugm-3,0.87311,P ugm-3,13.57875,P ugm-3,14.9175,N ugm-3,12.1,P ugm-3 (FIDAS),6.415,P ugm-3 (Ref.eq),294.3,N deg,3.2,N ms-1,2.1,N degC,Thursday,2023-02-24T04:00:02+00:00,1677211202,2023-02-24T04:00:02+0000,24.39,0,10.24,3.56,4.27,8.18,23.65,17.3,7.87,3.56,5.13,8.81
172,2023-02-24,05:00:00,39.11572,P ugm-3,1.62149,P ugm-3,12.81375,P ugm-3,15.3,N ugm-3,13.4,P ugm-3 (FIDAS),7.547,P ugm-3 (Ref.eq),302.6,N deg,3.2,N ms-1,3,N degC,Thursday,2023-02-24T05:00:03+00:00,1677214803,2023-02-24T05:00:03+0000,28.59,0,0.64,4.99,7.56,10.73,30.65,0.1,0,6.41,6.91,10.02
173,2023-02-24,06:00:00,38.11787,P ugm-3,1.62149,P ugm-3,11.28375,P ugm-3,13.77,N ugm-3,11.2,P ugm-3 (FIDAS),6.792,P ugm-3 (Ref.eq),309.6,N deg,3.5,N ms-1,3.9,N degC,Thursday,2023-02-24T06:00:02+00:00,1677218402,2023-02-24T06:00:02+0000,29.19,0,0.91,3.56,4.52,6.9,28.3,6.25,9.63,3.56,3.88,6.31
174,2023-02-24,07:00:00,26.14367,P ugm-3,5.73758,P ugm-3,27.34875,P ugm-3,36.14625,N ugm-3,11.9,P ugm-3 (FIDAS),7.736,P ugm-3 (Ref.eq),313.8,N deg,4,N ms-1,4.8,N degC,Thursday,2023-02-24T07:00:02+00:00,1677222002,2023-02-24T07:00:02+0000,43.74,0,5.2,6.41,8.89,16.31,48.56,0,0,7.13,8.28,12.45
175,2023-02-24,08:00:00,11.17592,P ugm-3,25.19546,P ugm-3,53.55,P ugm-3,92.1825,N ugm-3,14,P ugm-3 (FIDAS),9.434,P ugm-3 (Ref.eq),319.3,N deg,4.1,N ms-1,5.8,N degC,Thursday,2023-02-24T08:00:06+00:00,1677225606,2023-02-24T08:00:06+0000,61.14,0,3.13,4.28,5.47,10.03,64.06,0,0.9,5.7,6.35,10.61
176,2023-02-24,09:00:00,29.13722,P ugm-3,16.83855,P ugm-3,41.11875,P ugm-3,66.9375,N ugm-3,9.8,P ugm-3 (FIDAS),5.943,P ugm-3 (Ref.eq),334.9,N deg,4.3,N ms-1,6.1,N degC,Thursday,2023-02-24T09:00:04+00:00,1677229204,2023-02-24T09:00:04+0000,17.74,0,0,2.14,3.25,4.92,14,18,3.19,1.43,3.17,4.96
177,2023-02-24,10:00:00,43.50626,P ugm-3,8.23218,P ugm-3,24.48,P ugm-3,37.1025,N ugm-3,15.5,P ugm-3 (FIDAS),5.189,P ugm-3 (Ref.eq),345.2,N deg,3.9,N ms-1,6.5,N degC,Thursday,2023-02-24T10:00:07+00:00,1677232807,2023-02-24T10:00:07+0000,6.84,0,0,1.43,3.53,5.47,10.25,7.15,0,1.43,3.11,4.04
178,2023-02-24,11:00:00,51.08992,P ugm-3,6.73542,P ugm-3,19.31625,P ugm-3,29.64375,N ugm-3,8.3,P ugm-3 (FIDAS),4.528,P ugm-3 (Ref.eq),6.1,N deg,4.9,N ms-1,7.8,N degC,Thursday,2023-02-24T11:00:06+00:00,1677236406,2023-02-24T11:00:06+0000,17.44,0,1.71,0.71,2.09,2.66,20.41,19.25,1.2,1.43,3.14,4.02
179,2023-02-24,12:00:00,60.86885,P ugm-3,7.85799,P ugm-3,27.73125,P ugm-3,39.78,N ugm-3,6.9,P ugm-3 (FIDAS),3.208,P ugm-3 (Ref.eq),11.2,N deg,5.9,N ms-1,8,N degC,Thursday,2023-02-24T12:00:02+00:00,1677240002,2023-02-24T12:00:02+0000,0,2.72,0,0.71,3.71,4.43,0,29.2,0,0.71,3.42,3.77
180,2023-02-24,13:00:00,62.46541,P ugm-3,9.10529,P ugm-3,43.9875,P ugm-3,57.94875,N ugm-3,13.2,P ugm-3 (FIDAS),5.755,P ugm-3 (Ref.eq),7.1,N deg,5.3,N ms-1,8.2,N degC,Thursday,2023-02-24T13:00:04+00:00,1677243604,2023-02-24T13:00:04+0000,40.94,0,0,2.14,4.53,5.28,38.75,15.75,0,2.14,4.11,4.49
181,2023-02-24,14:00:00,61.8667,P ugm-3,6.86015,P ugm-3,28.305,P ugm-3,38.82375,N ugm-3,11.8,P ugm-3 (FIDAS),5.472,P ugm-3 (Ref.eq),10.7,N deg,5.4,N ms-1,8.7,N degC,Thursday,2023-02-24T14:00:07+00:00,1677247207,2023-02-24T14:00:07+0000,38.64,0,1.95,1.43,3.7,4.43,39,0,2.91,2.14,4.39,5.14
182,2023-02-24,15:00:00,58.67358,P ugm-3,7.98272,P ugm-3,35.38125,P ugm-3,47.62125,N ugm-3,13.2,P ugm-3 (FIDAS),5.943,P ugm-3 (Ref.eq),17.8,N deg,5,N ms-1,8,N degC,Thursday,2023-02-24T15:00:10+00:00,1677250810,2023-02-24T15:00:10+0000,29.64,0,0,1.43,4.24,4.42,33.96,7.5,0,1.43,4.35,5.15
183,2023-02-24,16:00:00,58.07487,P ugm-3,7.23434,P ugm-3,38.82375,P ugm-3,49.91625,N ugm-3,12.1,P ugm-3 (FIDAS),5.377,P ugm-3 (Ref.eq),16.1,N deg,4,N ms-1,6.8,N degC,Thursday,2023-02-24T15:59:39+00:00,1677254379,2023-02-24T15:59:39+0000,23.09,0,0,0.71,3.15,5.22,24.55,17.65,0,0.71,3.14,3.45
184,2023-02-24,17:00:00,53.68433,P ugm-3,7.85799,P ugm-3,48.96,P ugm-3,61.00875,N ugm-3,11.4,P ugm-3 (FIDAS),4.434,P ugm-3 (Ref.eq),9.6,N deg,3.1,N ms-1,5.8,N degC,Thursday,2023-02-24T17:00:00+00:00,1677258000,2023-02-24T17:00:00+0000,45.34,0,0,0,2.96,3.06,51.16,2.45,0.98,0.71,3.42,3.84
185,2023-02-24,18:00:00,51.08992,P ugm-3,8.10745,P ugm-3,48.38625,P ugm-3,60.8175,N ugm-3,10.3,P ugm-3 (FIDAS),4.057,P ugm-3 (Ref.eq),12.4,N deg,4,N ms-1,5.1,N degC,Thursday,2023-02-24T18:00:00+00:00,1677261600,2023-02-24T18:00:00+0000,39.39,0,0.73,0.71,3.4,3.85,43.05,6.3,0,0.71,3.34,3.89
186,2023-02-24,19:00:00,46.69938,P ugm-3,7.23434,P ugm-3,48.5775,P ugm-3,59.67,N ugm-3,8.2,P ugm-3 (FIDAS),3.679,P ugm-3 (Ref.eq),358.3,N deg,3.3,N ms-1,4.1,N degC,Thursday,2023-02-17T19:04:00+00:00,1676660640,2023-02-17T19:04:00+0000,33.34,0,0,2.14,4.12,5.44,42.8,0,0,1.43,3.06,4.77
187,2023-02-24,20:00:00,40.51271,P ugm-3,7.35907,P ugm-3,58.14,P ugm-3,69.42375,N ugm-3,9.1,P ugm-3 (FIDAS),4.811,P ugm-3 (Ref.eq),3.9,N deg,3.5,N ms-1,3.4,N degC,Thursday,2023-02-17T20:00:03+00:00,1676664003,2023-02-17T20:00:03+0000,28.29,0,0,1.43,3.58,5.45,24.95,16.8,0,2.14,3.54,4.77
188,2023-02-24,21:00:00,51.28949,P ugm-3,4.36555,P ugm-3,40.9275,P ugm-3,47.62125,N ugm-3,9.1,P ugm-3 (FIDAS),4.434,P ugm-3 (Ref.eq),8.6,N deg,3.3,N ms-1,2.8,N degC,Thursday,2023-02-17T21:00:01+00:00,1676667601,2023-02-17T21:00:01+0000,34.29,3.47,0,3.56,6.19,8.83,32.35,26.7,0,4.99,5.62,8.17
189,2023-02-24,22:00:00,50.69078,P ugm-3,2.4946,P ugm-3,27.34875,P ugm-3,31.17375,N ugm-3,9.3,P ugm-3 (FIDAS),4.906,P ugm-3 (Ref.eq),16.4,N deg,4.1,N ms-1,2.7,N degC,Thursday,2023-02-17T22:00:10+00:00,1676671210,2023-02-17T22:00:10+0000,25.94,2.97,0,9.26,11.22,18.67,28.25,22.25,5.78,9.26,10.15,16.07
190,2023-02-24,23:00:00,50.09207,P ugm-3,3.11825,P ugm-3,23.715,P ugm-3,28.49625,N ugm-3,10.3,P ugm-3 (FIDAS),5.189,P ugm-3 (Ref.eq),13.9,N deg,4.4,N ms-1,2.6,N degC,Thursday,2023-02-17T23:00:09+00:00,1676674809,2023-02-17T23:00:09+0000,20.09,0,22.54,8.55,9.77,13.72,17.65,24.8,6.4,7.84,8.71,12.42
191,2023-02-24,24:00:00,56.07917,P ugm-3,1.37203,P ugm-3,14.34375,P ugm-3,16.4475,N ugm-3,8.3,P ugm-3 (FIDAS),4.434,P ugm-3 (Ref.eq),14.8,N deg,4.2,N ms-1,2.2,N degC,Thursday,2023-02-18T00:00:09+00:00,1676678409,2023-02-18T00:00:09+0000,11.64,15.82,0,6.41,7.29,12.44,9.06,36.7,4.99,7.84,8.19,11.78
